message,label
"Dear user, suspicious activity detected. Confirm OTP 693557 at http://mcdonald-waters.info/verify.",spoofed
Urgent! Your account will be blocked. Click http://bailey.com/verify to verify OTP 701442.,spoofed
Your payment failed. Enter OTP 517929 at http://little.biz/verify to retry.,spoofed
Claim your reward by entering OTP 272421. Visit http://simmons-woodward.org/verify now.,spoofed
Claim your reward by entering OTP 714228. Visit http://henderson.biz/verify now.,spoofed
"Dear user, suspicious activity detected. Confirm OTP 203042 at http://smith.com/verify.",spoofed
Use 715897 as your login OTP for Walmart.,safe
Claim your reward by entering OTP 399060. Visit http://ward.biz/verify now.,spoofed
578524 is your Flipkart OTP. Do not share this code.,safe
Security alert! Login attempt detected. Validate with OTP 399092 at http://sanchez.net/verify.,spoofed
Enter 633645 to complete your transaction on Flipkart.,safe
537364 is your Flipkart OTP. Do not share this code.,safe
"Dear user, suspicious activity detected. Confirm OTP 825347 at http://pearson-bailey.org/verify.",spoofed
Hi! Your verification code is 509192. Valid for 10 mins.,safe
Your OTP is 652414. Please do not share it with anyone.,safe
Hi! Your verification code is 595733. Valid for 10 mins.,safe
Urgent! Your account will be blocked. Click http://gonzales-fletcher.com/verify to verify OTP 689452.,spoofed
"Dear user, suspicious activity detected. Confirm OTP 895668 at http://lowe.com/verify.",spoofed
Your OTP is 811094. Please do not share it with anyone.,safe
684022 is your Google OTP. Do not share this code.,safe
Use 391202 as your login OTP for Walmart.,safe
118489 is your Google OTP. Do not share this code.,safe
Your payment failed. Enter OTP 215290 at http://nguyen.com/verify to retry.,spoofed
"Dear user, suspicious activity detected. Confirm OTP 798508 at http://moore-scott.net/verify.",spoofed
Security alert! Login attempt detected. Validate with OTP 674678 at http://rodriguez-johnson.biz/verify.,spoofed
Enter 552441 to complete your transaction on Google.,safe
Enter 300417 to complete your transaction on Amazon.,safe
Hi! Your verification code is 896421. Valid for 10 mins.,safe
442812 is your Google OTP. Do not share this code.,safe
Urgent! Your account will be blocked. Click http://patrick.com/verify to verify OTP 252507.,spoofed
"Dear user, suspicious activity detected. Confirm OTP 142073 at http://kelley-walters.com/verify.",spoofed
Your OTP is 995443. Please do not share it with anyone.,safe
"Dear user, suspicious activity detected. Confirm OTP 968889 at http://thomas-jones.com/verify.",spoofed
Your OTP is 950735. Please do not share it with anyone.,safe
Your OTP is 149557. Please do not share it with anyone.,safe
372302 is your Amazon OTP. Do not share this code.,safe
952763 is your Google OTP. Do not share this code.,safe
Use 522483 as your login OTP for Google.,safe
Use 721692 as your login OTP for Amazon.,safe
Your payment failed. Enter OTP 260607 at http://carlson.com/verify to retry.,spoofed
804618 is your Amazon OTP. Do not share this code.,safe
Enter 932969 to complete your transaction on Flipkart.,safe
Hi! Your verification code is 740067. Valid for 10 mins.,safe
Enter 633831 to complete your transaction on Flipkart.,safe
224962 is your Google OTP. Do not share this code.,safe
Urgent! Your account will be blocked. Click http://martinez.com/verify to verify OTP 283486.,spoofed
Your payment failed. Enter OTP 237199 at http://craig-morris.com/verify to retry.,spoofed
Enter 928477 to complete your transaction on Flipkart.,safe
Enter 458984 to complete your transaction on Walmart.,safe
Enter 969155 to complete your transaction on Amazon.,safe
Claim your reward by entering OTP 564294. Visit http://robinson.com/verify now.,spoofed
"Dear user, suspicious activity detected. Confirm OTP 105037 at http://hubbard.biz/verify.",spoofed
Urgent! Your account will be blocked. Click http://mccormick.net/verify to verify OTP 331165.,spoofed
Enter 393040 to complete your transaction on Google.,safe
Claim your reward by entering OTP 514042. Visit http://robinson-richardson.biz/verify now.,spoofed
Your OTP is 166384. Please do not share it with anyone.,safe
Your OTP is 920318. Please do not share it with anyone.,safe
Your payment failed. Enter OTP 324534 at http://leon-velasquez.net/verify to retry.,spoofed
"Dear user, suspicious activity detected. Confirm OTP 675034 at http://johnson.com/verify.",spoofed
"Dear user, suspicious activity detected. Confirm OTP 374017 at http://barnett-robinson.com/verify.",spoofed
Claim your reward by entering OTP 442863. Visit http://bridges-villa.com/verify now.,spoofed
Claim your reward by entering OTP 115335. Visit http://price.org/verify now.,spoofed
Hi! Your verification code is 867848. Valid for 10 mins.,safe
Your payment failed. Enter OTP 652627 at http://smith.net/verify to retry.,spoofed
Security alert! Login attempt detected. Validate with OTP 870868 at http://davis-sanders.com/verify.,spoofed
Urgent! Your account will be blocked. Click http://knight.com/verify to verify OTP 784085.,spoofed
"Dear user, suspicious activity detected. Confirm OTP 542891 at http://tran.com/verify.",spoofed
Use 309304 as your login OTP for Amazon.,safe
Your OTP is 533574. Please do not share it with anyone.,safe
Hi! Your verification code is 753996. Valid for 10 mins.,safe
Use 835100 as your login OTP for Amazon.,safe
Urgent! Your account will be blocked. Click http://espinoza-waters.com/verify to verify OTP 134965.,spoofed
Security alert! Login attempt detected. Validate with OTP 451227 at http://gutierrez.info/verify.,spoofed
"Dear user, suspicious activity detected. Confirm OTP 432991 at http://smith-moore.net/verify.",spoofed
Urgent! Your account will be blocked. Click http://phillips.com/verify to verify OTP 190306.,spoofed
"Dear user, suspicious activity detected. Confirm OTP 329704 at http://delgado-jones.com/verify.",spoofed
Enter 236643 to complete your transaction on Flipkart.,safe
Enter 307276 to complete your transaction on Google.,safe
Urgent! Your account will be blocked. Click http://williams-poole.net/verify to verify OTP 358901.,spoofed
Your payment failed. Enter OTP 968831 at http://hoover.net/verify to retry.,spoofed
Urgent! Your account will be blocked. Click http://reyes.com/verify to verify OTP 954300.,spoofed
Claim your reward by entering OTP 784354. Visit http://kidd-miller.com/verify now.,spoofed
Enter 185128 to complete your transaction on Walmart.,safe
575488 is your Google OTP. Do not share this code.,safe
150713 is your Amazon OTP. Do not share this code.,safe
Your OTP is 680492. Please do not share it with anyone.,safe
Urgent! Your account will be blocked. Click http://lucas-reid.com/verify to verify OTP 530295.,spoofed
Your OTP is 171263. Please do not share it with anyone.,safe
Your OTP is 404098. Please do not share it with anyone.,safe
Urgent! Your account will be blocked. Click http://bowers.net/verify to verify OTP 177687.,spoofed
Claim your reward by entering OTP 294734. Visit http://olson-wells.com/verify now.,spoofed
Your payment failed. Enter OTP 668222 at http://brown.org/verify to retry.,spoofed
Urgent! Your account will be blocked. Click http://lewis-oconnor.com/verify to verify OTP 549732.,spoofed
Your OTP is 997806. Please do not share it with anyone.,safe
Use 222273 as your login OTP for Walmart.,safe
"Dear user, suspicious activity detected. Confirm OTP 141054 at http://morgan-horn.com/verify.",spoofed
"Dear user, suspicious activity detected. Confirm OTP 514384 at http://morales-jackson.com/verify.",spoofed
Enter 330870 to complete your transaction on Amazon.,safe
Hi! Your verification code is 517419. Valid for 10 mins.,safe
870164 is your Google OTP. Do not share this code.,safe
Your payment failed. Enter OTP 482373 at http://harris-rogers.net/verify to retry.,spoofed
Use 384567 as your login OTP for Google.,safe
Use 404595 as your login OTP for Amazon.,safe
"Dear user, suspicious activity detected. Confirm OTP 873768 at http://boyd-banks.com/verify.",spoofed
Security alert! Login attempt detected. Validate with OTP 262959 at http://ray.com/verify.,spoofed
289928 is your Paytm OTP. Do not share this code.,safe
Use 115399 as your login OTP for Flipkart.,safe
980757 is your Amazon OTP. Do not share this code.,safe
Enter 849238 to complete your transaction on Flipkart.,safe
Enter 285196 to complete your transaction on Flipkart.,safe
Hi! Your verification code is 272455. Valid for 10 mins.,safe
Use 661367 as your login OTP for Amazon.,safe
Use 605706 as your login OTP for Flipkart.,safe
Use 621418 as your login OTP for Paytm.,safe
Urgent! Your account will be blocked. Click http://murillo-flowers.com/verify to verify OTP 888199.,spoofed
Your payment failed. Enter OTP 126777 at http://delacruz-allen.net/verify to retry.,spoofed
206395 is your Amazon OTP. Do not share this code.,safe
Use 989738 as your login OTP for Amazon.,safe
Hi! Your verification code is 730859. Valid for 10 mins.,safe
Hi! Your verification code is 404171. Valid for 10 mins.,safe
Urgent! Your account will be blocked. Click http://zuniga.com/verify to verify OTP 611182.,spoofed
Urgent! Your account will be blocked. Click http://ryan.org/verify to verify OTP 479704.,spoofed
Use 125802 as your login OTP for Amazon.,safe
Security alert! Login attempt detected. Validate with OTP 534085 at http://brown.com/verify.,spoofed
Security alert! Login attempt detected. Validate with OTP 994219 at http://orozco-miller.org/verify.,spoofed
Enter 629436 to complete your transaction on Flipkart.,safe
Hi! Your verification code is 362779. Valid for 10 mins.,safe
Claim your reward by entering OTP 115104. Visit http://martin-frazier.com/verify now.,spoofed
Urgent! Your account will be blocked. Click http://herman-jackson.com/verify to verify OTP 330889.,spoofed
"Dear user, suspicious activity detected. Confirm OTP 983674 at http://christian-johnson.com/verify.",spoofed
Security alert! Login attempt detected. Validate with OTP 791140 at http://ramsey-knox.com/verify.,spoofed
Your OTP is 824787. Please do not share it with anyone.,safe
Your payment failed. Enter OTP 868113 at http://herring-boyd.com/verify to retry.,spoofed
Claim your reward by entering OTP 686553. Visit http://jackson.info/verify now.,spoofed
Enter 208840 to complete your transaction on Google.,safe
171713 is your Flipkart OTP. Do not share this code.,safe
397909 is your Paytm OTP. Do not share this code.,safe
Claim your reward by entering OTP 713009. Visit http://davis-williams.com/verify now.,spoofed
Enter 716862 to complete your transaction on Flipkart.,safe
Enter 593294 to complete your transaction on Flipkart.,safe
"Dear user, suspicious activity detected. Confirm OTP 503766 at http://avery-booth.info/verify.",spoofed
281339 is your Flipkart OTP. Do not share this code.,safe
Your payment failed. Enter OTP 675589 at http://sims.com/verify to retry.,spoofed
Urgent! Your account will be blocked. Click http://hammond.biz/verify to verify OTP 310939.,spoofed
Security alert! Login attempt detected. Validate with OTP 647471 at http://foster-gray.info/verify.,spoofed
Enter 512285 to complete your transaction on Paytm.,safe
Security alert! Login attempt detected. Validate with OTP 918653 at http://walters.biz/verify.,spoofed
Hi! Your verification code is 772881. Valid for 10 mins.,safe
Your OTP is 198792. Please do not share it with anyone.,safe
101963 is your Walmart OTP. Do not share this code.,safe
Security alert! Login attempt detected. Validate with OTP 314244 at http://jordan.com/verify.,spoofed
Use 239287 as your login OTP for Walmart.,safe
Your payment failed. Enter OTP 760733 at http://brown.com/verify to retry.,spoofed
Hi! Your verification code is 906188. Valid for 10 mins.,safe
Use 454554 as your login OTP for Flipkart.,safe
Security alert! Login attempt detected. Validate with OTP 910829 at http://allen-brady.com/verify.,spoofed
Hi! Your verification code is 372682. Valid for 10 mins.,safe
Use 469224 as your login OTP for Walmart.,safe
Use 329010 as your login OTP for Google.,safe
674180 is your Paytm OTP. Do not share this code.,safe
"Dear user, suspicious activity detected. Confirm OTP 589734 at http://black.net/verify.",spoofed
Hi! Your verification code is 677012. Valid for 10 mins.,safe
Your payment failed. Enter OTP 988212 at http://adams.com/verify to retry.,spoofed
Use 609671 as your login OTP for Flipkart.,safe
848298 is your Paytm OTP. Do not share this code.,safe
Urgent! Your account will be blocked. Click http://pollard.biz/verify to verify OTP 428091.,spoofed
"Dear user, suspicious activity detected. Confirm OTP 402814 at http://gutierrez.com/verify.",spoofed
Your payment failed. Enter OTP 977060 at http://smith.com/verify to retry.,spoofed
Your payment failed. Enter OTP 403391 at http://carr.com/verify to retry.,spoofed
Your OTP is 768785. Please do not share it with anyone.,safe
Enter 761611 to complete your transaction on Flipkart.,safe
Your payment failed. Enter OTP 964772 at http://brown.com/verify to retry.,spoofed
Claim your reward by entering OTP 553649. Visit http://hardin-bonilla.com/verify now.,spoofed
Claim your reward by entering OTP 566185. Visit http://gillespie.com/verify now.,spoofed
Your payment failed. Enter OTP 355572 at http://mcintosh.org/verify to retry.,spoofed
Hi! Your verification code is 755313. Valid for 10 mins.,safe
281862 is your Walmart OTP. Do not share this code.,safe
"Dear user, suspicious activity detected. Confirm OTP 924122 at http://bridges-smith.info/verify.",spoofed
Use 867126 as your login OTP for Walmart.,safe
Claim your reward by entering OTP 821342. Visit http://sanders.com/verify now.,spoofed
Enter 899759 to complete your transaction on Google.,safe
Your OTP is 152513. Please do not share it with anyone.,safe
Your OTP is 301666. Please do not share it with anyone.,safe
867152 is your Flipkart OTP. Do not share this code.,safe
Urgent! Your account will be blocked. Click http://delgado-lewis.com/verify to verify OTP 494393.,spoofed
Hi! Your verification code is 759556. Valid for 10 mins.,safe
Enter 944187 to complete your transaction on Walmart.,safe
Enter 732299 to complete your transaction on Flipkart.,safe
Security alert! Login attempt detected. Validate with OTP 486327 at http://garza.info/verify.,spoofed
Your OTP is 610660. Please do not share it with anyone.,safe
Your payment failed. Enter OTP 932784 at http://smith.info/verify to retry.,spoofed
Use 856289 as your login OTP for Walmart.,safe
Urgent! Your account will be blocked. Click http://jacobs.com/verify to verify OTP 471540.,spoofed
"Dear user, suspicious activity detected. Confirm OTP 559271 at http://welch.com/verify.",spoofed
327127 is your Paytm OTP. Do not share this code.,safe
Claim your reward by entering OTP 179542. Visit http://thomas.net/verify now.,spoofed
Claim your reward by entering OTP 633290. Visit http://robinson.com/verify now.,spoofed
"Dear user, suspicious activity detected. Confirm OTP 759660 at http://schmitt.info/verify.",spoofed
Use 902846 as your login OTP for Google.,safe
Hi! Your verification code is 781202. Valid for 10 mins.,safe
Enter 463368 to complete your transaction on Google.,safe
Claim your reward by entering OTP 169439. Visit http://brandt-rivera.com/verify now.,spoofed
Your OTP is 104660. Please do not share it with anyone.,safe
Use 260063 as your login OTP for Amazon.,safe
Enter 874714 to complete your transaction on Amazon.,safe
Your payment failed. Enter OTP 692193 at http://turner.com/verify to retry.,spoofed
Your payment failed. Enter OTP 699165 at http://miller.org/verify to retry.,spoofed
Enter 264792 to complete your transaction on Flipkart.,safe
Use 139699 as your login OTP for Paytm.,safe
Claim your reward by entering OTP 483401. Visit http://gray.com/verify now.,spoofed
Use 606229 as your login OTP for Paytm.,safe
"Dear user, suspicious activity detected. Confirm OTP 393968 at http://stephens-lane.com/verify.",spoofed
Your OTP is 697899. Please do not share it with anyone.,safe
Claim your reward by entering OTP 459610. Visit http://waller.com/verify now.,spoofed
"Dear user, suspicious activity detected. Confirm OTP 444796 at http://johnson.com/verify.",spoofed
Use 285970 as your login OTP for Amazon.,safe
Urgent! Your account will be blocked. Click http://ingram-green.com/verify to verify OTP 251854.,spoofed
Your OTP is 799837. Please do not share it with anyone.,safe
Your payment failed. Enter OTP 950625 at http://shelton.org/verify to retry.,spoofed
Your payment failed. Enter OTP 957833 at http://howard.com/verify to retry.,spoofed
"Dear user, suspicious activity detected. Confirm OTP 625975 at http://campbell.com/verify.",spoofed
Urgent! Your account will be blocked. Click http://molina.org/verify to verify OTP 385250.,spoofed
Claim your reward by entering OTP 892243. Visit http://anderson.com/verify now.,spoofed
Your OTP is 448145. Please do not share it with anyone.,safe
272525 is your Google OTP. Do not share this code.,safe
Urgent! Your account will be blocked. Click http://flynn.com/verify to verify OTP 662186.,spoofed
Hi! Your verification code is 713441. Valid for 10 mins.,safe
Use 745319 as your login OTP for Walmart.,safe
"Dear user, suspicious activity detected. Confirm OTP 128577 at http://beltran-berg.biz/verify.",spoofed
Urgent! Your account will be blocked. Click http://torres.com/verify to verify OTP 829982.,spoofed
Your payment failed. Enter OTP 302698 at http://gordon.biz/verify to retry.,spoofed
Enter 937104 to complete your transaction on Flipkart.,safe
"Dear user, suspicious activity detected. Confirm OTP 535593 at http://oneill-burton.biz/verify.",spoofed
Claim your reward by entering OTP 783040. Visit http://carroll-skinner.com/verify now.,spoofed
Security alert! Login attempt detected. Validate with OTP 394099 at http://wallace.org/verify.,spoofed
Urgent! Your account will be blocked. Click http://smith.com/verify to verify OTP 707821.,spoofed
Security alert! Login attempt detected. Validate with OTP 974476 at http://fuentes.com/verify.,spoofed
Your OTP is 962739. Please do not share it with anyone.,safe
Hi! Your verification code is 961040. Valid for 10 mins.,safe
Hi! Your verification code is 772892. Valid for 10 mins.,safe
Security alert! Login attempt detected. Validate with OTP 252736 at http://flynn.com/verify.,spoofed
Security alert! Login attempt detected. Validate with OTP 688246 at http://bush.org/verify.,spoofed
Your OTP is 725157. Please do not share it with anyone.,safe
Use 329437 as your login OTP for Paytm.,safe
Security alert! Login attempt detected. Validate with OTP 921293 at http://jackson.net/verify.,spoofed
Urgent! Your account will be blocked. Click http://mccormick.com/verify to verify OTP 170388.,spoofed
Claim your reward by entering OTP 339426. Visit http://mason-abbott.com/verify now.,spoofed
"Dear user, suspicious activity detected. Confirm OTP 218117 at http://lowery-reid.net/verify.",spoofed
Security alert! Login attempt detected. Validate with OTP 683824 at http://glover-pruitt.org/verify.,spoofed
Hi! Your verification code is 359966. Valid for 10 mins.,safe
Urgent! Your account will be blocked. Click http://watkins.biz/verify to verify OTP 536531.,spoofed
Security alert! Login attempt detected. Validate with OTP 922891 at http://byrd-lawrence.com/verify.,spoofed
Claim your reward by entering OTP 461916. Visit http://hayes-taylor.info/verify now.,spoofed
Use 809005 as your login OTP for Walmart.,safe
"Dear user, suspicious activity detected. Confirm OTP 722032 at http://dudley.com/verify.",spoofed
Enter 122824 to complete your transaction on Google.,safe
973574 is your Flipkart OTP. Do not share this code.,safe
Your OTP is 207826. Please do not share it with anyone.,safe
Enter 619913 to complete your transaction on Walmart.,safe
"Dear user, suspicious activity detected. Confirm OTP 289407 at http://lee.com/verify.",spoofed
"Dear user, suspicious activity detected. Confirm OTP 109283 at http://bruce.com/verify.",spoofed
"Dear user, suspicious activity detected. Confirm OTP 714738 at http://villegas-rhodes.info/verify.",spoofed
544880 is your Flipkart OTP. Do not share this code.,safe
Your payment failed. Enter OTP 855206 at http://wood.com/verify to retry.,spoofed
Use 945481 as your login OTP for Flipkart.,safe
Your payment failed. Enter OTP 817386 at http://ford.biz/verify to retry.,spoofed
Hi! Your verification code is 559795. Valid for 10 mins.,safe
955300 is your Amazon OTP. Do not share this code.,safe
661653 is your Walmart OTP. Do not share this code.,safe
864174 is your Amazon OTP. Do not share this code.,safe
"Dear user, suspicious activity detected. Confirm OTP 995683 at http://west.com/verify.",spoofed
Claim your reward by entering OTP 136354. Visit http://robinson.info/verify now.,spoofed
"Dear user, suspicious activity detected. Confirm OTP 790809 at http://clark-harris.com/verify.",spoofed
Security alert! Login attempt detected. Validate with OTP 373296 at http://thompson.info/verify.,spoofed
Security alert! Login attempt detected. Validate with OTP 987420 at http://jimenez-owens.net/verify.,spoofed
Enter 146979 to complete your transaction on Walmart.,safe
Security alert! Login attempt detected. Validate with OTP 569132 at http://robinson-jones.com/verify.,spoofed
Enter 728268 to complete your transaction on Amazon.,safe
Use 183455 as your login OTP for Flipkart.,safe
Security alert! Login attempt detected. Validate with OTP 256419 at http://james-marks.com/verify.,spoofed
Hi! Your verification code is 572254. Valid for 10 mins.,safe
Claim your reward by entering OTP 380912. Visit http://castillo-roberts.com/verify now.,spoofed
Use 333414 as your login OTP for Walmart.,safe
Claim your reward by entering OTP 879548. Visit http://walter.com/verify now.,spoofed
Claim your reward by entering OTP 419470. Visit http://ramirez.org/verify now.,spoofed
"Dear user, suspicious activity detected. Confirm OTP 503224 at http://williams.biz/verify.",spoofed
Claim your reward by entering OTP 800828. Visit http://chambers-rodriguez.com/verify now.,spoofed
Security alert! Login attempt detected. Validate with OTP 830758 at http://smith.com/verify.,spoofed
987711 is your Amazon OTP. Do not share this code.,safe
"Dear user, suspicious activity detected. Confirm OTP 106751 at http://massey-ray.com/verify.",spoofed
Security alert! Login attempt detected. Validate with OTP 194385 at http://christian.com/verify.,spoofed
Your payment failed. Enter OTP 385562 at http://barker.org/verify to retry.,spoofed
Use 886057 as your login OTP for Google.,safe
Security alert! Login attempt detected. Validate with OTP 594131 at http://greer.com/verify.,spoofed
Your payment failed. Enter OTP 429378 at http://moreno-kelly.com/verify to retry.,spoofed
Hi! Your verification code is 500280. Valid for 10 mins.,safe
Your payment failed. Enter OTP 372521 at http://klein-roberts.biz/verify to retry.,spoofed
Security alert! Login attempt detected. Validate with OTP 448085 at http://humphrey-murray.com/verify.,spoofed
Urgent! Your account will be blocked. Click http://ray-jones.org/verify to verify OTP 502873.,spoofed
Claim your reward by entering OTP 273802. Visit http://jones-webster.com/verify now.,spoofed
Hi! Your verification code is 834472. Valid for 10 mins.,safe
Claim your reward by entering OTP 941882. Visit http://anderson-taylor.com/verify now.,spoofed
Enter 208437 to complete your transaction on Walmart.,safe
Use 950626 as your login OTP for Amazon.,safe
Enter 137860 to complete your transaction on Paytm.,safe
Your OTP is 403156. Please do not share it with anyone.,safe
Use 784958 as your login OTP for Walmart.,safe
Claim your reward by entering OTP 308839. Visit http://rojas-george.com/verify now.,spoofed
Urgent! Your account will be blocked. Click http://cooper.biz/verify to verify OTP 875810.,spoofed
Your OTP is 774630. Please do not share it with anyone.,safe
"Dear user, suspicious activity detected. Confirm OTP 241440 at http://wade.com/verify.",spoofed
Enter 653061 to complete your transaction on Google.,safe
Hi! Your verification code is 268071. Valid for 10 mins.,safe
"Dear user, suspicious activity detected. Confirm OTP 316047 at http://christensen.com/verify.",spoofed
Urgent! Your account will be blocked. Click http://wells-cook.com/verify to verify OTP 596614.,spoofed
Use 443968 as your login OTP for Flipkart.,safe
Hi! Your verification code is 745579. Valid for 10 mins.,safe
Security alert! Login attempt detected. Validate with OTP 780016 at http://rogers.com/verify.,spoofed
Your payment failed. Enter OTP 951829 at http://turner-case.com/verify to retry.,spoofed
Urgent! Your account will be blocked. Click http://morales.com/verify to verify OTP 847491.,spoofed
Security alert! Login attempt detected. Validate with OTP 929977 at http://archer-potter.com/verify.,spoofed
Claim your reward by entering OTP 541430. Visit http://ellis.com/verify now.,spoofed
Your payment failed. Enter OTP 345604 at http://rangel.com/verify to retry.,spoofed
Urgent! Your account will be blocked. Click http://hawkins-garrison.net/verify to verify OTP 927415.,spoofed
Security alert! Login attempt detected. Validate with OTP 549646 at http://sullivan.com/verify.,spoofed
"Dear user, suspicious activity detected. Confirm OTP 281397 at http://jackson.com/verify.",spoofed
Claim your reward by entering OTP 468492. Visit http://mcintyre.net/verify now.,spoofed
Enter 187222 to complete your transaction on Flipkart.,safe
Claim your reward by entering OTP 299635. Visit http://pearson-baker.net/verify now.,spoofed
Enter 160427 to complete your transaction on Google.,safe
Use 682045 as your login OTP for Google.,safe
Security alert! Login attempt detected. Validate with OTP 348993 at http://stone-garcia.biz/verify.,spoofed
Claim your reward by entering OTP 404078. Visit http://green.com/verify now.,spoofed
Enter 152327 to complete your transaction on Google.,safe
Security alert! Login attempt detected. Validate with OTP 885066 at http://price.com/verify.,spoofed
"Dear user, suspicious activity detected. Confirm OTP 628678 at http://obrien.com/verify.",spoofed
Urgent! Your account will be blocked. Click http://diaz.biz/verify to verify OTP 584519.,spoofed
Security alert! Login attempt detected. Validate with OTP 477574 at http://berry.com/verify.,spoofed
Your OTP is 886977. Please do not share it with anyone.,safe
Claim your reward by entering OTP 732785. Visit http://clark.org/verify now.,spoofed
Your payment failed. Enter OTP 352284 at http://taylor.com/verify to retry.,spoofed
"Dear user, suspicious activity detected. Confirm OTP 851479 at http://joyce-gould.com/verify.",spoofed
Claim your reward by entering OTP 548956. Visit http://edwards-thomas.org/verify now.,spoofed
Enter 601964 to complete your transaction on Google.,safe
Security alert! Login attempt detected. Validate with OTP 582529 at http://foster-cross.com/verify.,spoofed
Security alert! Login attempt detected. Validate with OTP 173635 at http://smith.com/verify.,spoofed
751468 is your Flipkart OTP. Do not share this code.,safe
Security alert! Login attempt detected. Validate with OTP 109384 at http://baker.org/verify.,spoofed
Claim your reward by entering OTP 148765. Visit http://rodriguez.com/verify now.,spoofed
Security alert! Login attempt detected. Validate with OTP 505732 at http://hampton.net/verify.,spoofed
Security alert! Login attempt detected. Validate with OTP 432023 at http://boyer-fleming.biz/verify.,spoofed
Security alert! Login attempt detected. Validate with OTP 699559 at http://smith-mcconnell.com/verify.,spoofed
Enter 468020 to complete your transaction on Google.,safe
Enter 558306 to complete your transaction on Walmart.,safe
Your OTP is 975055. Please do not share it with anyone.,safe
Claim your reward by entering OTP 270625. Visit http://morris.biz/verify now.,spoofed
Hi! Your verification code is 318088. Valid for 10 mins.,safe
Your OTP is 192004. Please do not share it with anyone.,safe
Your payment failed. Enter OTP 851618 at http://smith-coleman.biz/verify to retry.,spoofed
Your payment failed. Enter OTP 260291 at http://ball.com/verify to retry.,spoofed
Your OTP is 997805. Please do not share it with anyone.,safe
895442 is your Flipkart OTP. Do not share this code.,safe
377847 is your Amazon OTP. Do not share this code.,safe
Hi! Your verification code is 983206. Valid for 10 mins.,safe
Your payment failed. Enter OTP 496567 at http://koch.com/verify to retry.,spoofed
"Dear user, suspicious activity detected. Confirm OTP 216894 at http://stevenson.com/verify.",spoofed
Claim your reward by entering OTP 207544. Visit http://williams.biz/verify now.,spoofed
Your OTP is 571396. Please do not share it with anyone.,safe
Claim your reward by entering OTP 412212. Visit http://wilson-williams.com/verify now.,spoofed
Security alert! Login attempt detected. Validate with OTP 547851 at http://cole-griffin.com/verify.,spoofed
Hi! Your verification code is 170686. Valid for 10 mins.,safe
"Dear user, suspicious activity detected. Confirm OTP 251783 at http://peterson.com/verify.",spoofed
Enter 496048 to complete your transaction on Amazon.,safe
161330 is your Amazon OTP. Do not share this code.,safe
Your payment failed. Enter OTP 922782 at http://barber.info/verify to retry.,spoofed
Use 626384 as your login OTP for Paytm.,safe
"Dear user, suspicious activity detected. Confirm OTP 744748 at http://mahoney.net/verify.",spoofed
"Dear user, suspicious activity detected. Confirm OTP 992478 at http://bowman-garcia.info/verify.",spoofed
Hi! Your verification code is 762154. Valid for 10 mins.,safe
Your OTP is 672953. Please do not share it with anyone.,safe
Claim your reward by entering OTP 752898. Visit http://burgess.com/verify now.,spoofed
Use 597988 as your login OTP for Amazon.,safe
Hi! Your verification code is 257532. Valid for 10 mins.,safe
Hi! Your verification code is 439212. Valid for 10 mins.,safe
800220 is your Amazon OTP. Do not share this code.,safe
Security alert! Login attempt detected. Validate with OTP 233981 at http://zimmerman.org/verify.,spoofed
Security alert! Login attempt detected. Validate with OTP 895432 at http://reynolds.com/verify.,spoofed
Hi! Your verification code is 162264. Valid for 10 mins.,safe
Enter 385980 to complete your transaction on Walmart.,safe
Claim your reward by entering OTP 347548. Visit http://rivera.com/verify now.,spoofed
Enter 268498 to complete your transaction on Walmart.,safe
Enter 272955 to complete your transaction on Google.,safe
Hi! Your verification code is 380134. Valid for 10 mins.,safe
"Dear user, suspicious activity detected. Confirm OTP 599749 at http://casey.com/verify.",spoofed
889215 is your Flipkart OTP. Do not share this code.,safe
Hi! Your verification code is 520193. Valid for 10 mins.,safe
385307 is your Google OTP. Do not share this code.,safe
"Dear user, suspicious activity detected. Confirm OTP 620784 at http://rosario.com/verify.",spoofed
Your payment failed. Enter OTP 884133 at http://carroll.biz/verify to retry.,spoofed
Your payment failed. Enter OTP 687886 at http://cain.com/verify to retry.,spoofed
Your OTP is 212380. Please do not share it with anyone.,safe
112408 is your Flipkart OTP. Do not share this code.,safe
Urgent! Your account will be blocked. Click http://blanchard.biz/verify to verify OTP 381507.,spoofed
691824 is your Walmart OTP. Do not share this code.,safe
Your OTP is 335727. Please do not share it with anyone.,safe
"Dear user, suspicious activity detected. Confirm OTP 545227 at http://hall.info/verify.",spoofed
563151 is your Walmart OTP. Do not share this code.,safe
918446 is your Paytm OTP. Do not share this code.,safe
Enter 860403 to complete your transaction on Amazon.,safe
Use 421312 as your login OTP for Paytm.,safe
162833 is your Walmart OTP. Do not share this code.,safe
Your payment failed. Enter OTP 115800 at http://carroll-davis.net/verify to retry.,spoofed
625536 is your Google OTP. Do not share this code.,safe
Use 387298 as your login OTP for Amazon.,safe
Enter 306371 to complete your transaction on Amazon.,safe
Your OTP is 684657. Please do not share it with anyone.,safe
Your OTP is 990804. Please do not share it with anyone.,safe
Claim your reward by entering OTP 510196. Visit http://harrington.com/verify now.,spoofed
862347 is your Google OTP. Do not share this code.,safe
Your OTP is 518555. Please do not share it with anyone.,safe
Enter 223707 to complete your transaction on Google.,safe
"Dear user, suspicious activity detected. Confirm OTP 372474 at http://kennedy.com/verify.",spoofed
Urgent! Your account will be blocked. Click http://thomas.com/verify to verify OTP 462805.,spoofed
Use 301072 as your login OTP for Amazon.,safe
Use 940370 as your login OTP for Google.,safe
Security alert! Login attempt detected. Validate with OTP 170366 at http://holland.com/verify.,spoofed
426164 is your Flipkart OTP. Do not share this code.,safe
Use 327543 as your login OTP for Walmart.,safe
Hi! Your verification code is 977227. Valid for 10 mins.,safe
Use 477311 as your login OTP for Paytm.,safe
Hi! Your verification code is 270490. Valid for 10 mins.,safe
Enter 625970 to complete your transaction on Amazon.,safe
"Dear user, suspicious activity detected. Confirm OTP 717222 at http://miranda.com/verify.",spoofed
Your OTP is 778349. Please do not share it with anyone.,safe
Your OTP is 861903. Please do not share it with anyone.,safe
Use 598903 as your login OTP for Amazon.,safe
Your payment failed. Enter OTP 377343 at http://lang-wood.biz/verify to retry.,spoofed
Claim your reward by entering OTP 159008. Visit http://johnson-hernandez.com/verify now.,spoofed
449306 is your Flipkart OTP. Do not share this code.,safe
Use 674311 as your login OTP for Paytm.,safe
Use 842509 as your login OTP for Walmart.,safe
Hi! Your verification code is 148367. Valid for 10 mins.,safe
Security alert! Login attempt detected. Validate with OTP 221915 at http://bowman.com/verify.,spoofed
Your OTP is 304991. Please do not share it with anyone.,safe
495813 is your Walmart OTP. Do not share this code.,safe
Hi! Your verification code is 927927. Valid for 10 mins.,safe
Use 333068 as your login OTP for Flipkart.,safe
"Dear user, suspicious activity detected. Confirm OTP 911817 at http://edwards-nguyen.com/verify.",spoofed
Urgent! Your account will be blocked. Click http://tate.com/verify to verify OTP 237515.,spoofed
988237 is your Paytm OTP. Do not share this code.,safe
232164 is your Paytm OTP. Do not share this code.,safe
Hi! Your verification code is 239905. Valid for 10 mins.,safe
Enter 884716 to complete your transaction on Google.,safe
Hi! Your verification code is 539376. Valid for 10 mins.,safe
283771 is your Amazon OTP. Do not share this code.,safe
Claim your reward by entering OTP 904867. Visit http://jordan-collins.com/verify now.,spoofed
Enter 969452 to complete your transaction on Google.,safe
Use 276811 as your login OTP for Paytm.,safe
Security alert! Login attempt detected. Validate with OTP 689270 at http://davis.com/verify.,spoofed
Your payment failed. Enter OTP 401177 at http://myers.com/verify to retry.,spoofed
"Dear user, suspicious activity detected. Confirm OTP 746387 at http://dunn.com/verify.",spoofed
Enter 120153 to complete your transaction on Paytm.,safe
Your payment failed. Enter OTP 522981 at http://marshall.org/verify to retry.,spoofed
Hi! Your verification code is 861471. Valid for 10 mins.,safe
Hi! Your verification code is 454943. Valid for 10 mins.,safe
Hi! Your verification code is 755471. Valid for 10 mins.,safe
Hi! Your verification code is 480359. Valid for 10 mins.,safe
Enter 339837 to complete your transaction on Amazon.,safe
Your OTP is 106199. Please do not share it with anyone.,safe
Use 971580 as your login OTP for Flipkart.,safe
Hi! Your verification code is 424176. Valid for 10 mins.,safe
Claim your reward by entering OTP 247322. Visit http://gregory-morgan.com/verify now.,spoofed
Enter 718072 to complete your transaction on Walmart.,safe
"Dear user, suspicious activity detected. Confirm OTP 324902 at http://perry.com/verify.",spoofed
Your OTP is 458039. Please do not share it with anyone.,safe
Security alert! Login attempt detected. Validate with OTP 946001 at http://yates.com/verify.,spoofed
Urgent! Your account will be blocked. Click http://hudson.com/verify to verify OTP 499749.,spoofed
Claim your reward by entering OTP 417762. Visit http://howard-hughes.net/verify now.,spoofed
Security alert! Login attempt detected. Validate with OTP 779085 at http://mooney.com/verify.,spoofed
Your OTP is 918493. Please do not share it with anyone.,safe
Claim your reward by entering OTP 991124. Visit http://norton.info/verify now.,spoofed
Use 554832 as your login OTP for Walmart.,safe
Use 389654 as your login OTP for Flipkart.,safe
312690 is your Amazon OTP. Do not share this code.,safe
Your OTP is 593806. Please do not share it with anyone.,safe
Use 927162 as your login OTP for Flipkart.,safe
Enter 879549 to complete your transaction on Google.,safe
Use 935833 as your login OTP for Walmart.,safe
Your payment failed. Enter OTP 870470 at http://alvarado.biz/verify to retry.,spoofed
Security alert! Login attempt detected. Validate with OTP 211393 at http://cooley-henderson.com/verify.,spoofed
Your payment failed. Enter OTP 427840 at http://davis.net/verify to retry.,spoofed
"Dear user, suspicious activity detected. Confirm OTP 988454 at http://montoya-hill.org/verify.",spoofed
Urgent! Your account will be blocked. Click http://martin.net/verify to verify OTP 366124.,spoofed
Your payment failed. Enter OTP 203926 at http://bray-fowler.com/verify to retry.,spoofed
Your payment failed. Enter OTP 659979 at http://lewis.biz/verify to retry.,spoofed
Your OTP is 974963. Please do not share it with anyone.,safe
Your OTP is 498672. Please do not share it with anyone.,safe
Enter 773130 to complete your transaction on Google.,safe
Urgent! Your account will be blocked. Click http://smith.com/verify to verify OTP 779539.,spoofed
Urgent! Your account will be blocked. Click http://wong-stanton.com/verify to verify OTP 321443.,spoofed
840283 is your Flipkart OTP. Do not share this code.,safe
Hi! Your verification code is 194727. Valid for 10 mins.,safe
Urgent! Your account will be blocked. Click http://johnson.com/verify to verify OTP 203138.,spoofed
Claim your reward by entering OTP 955670. Visit http://harris.com/verify now.,spoofed
Your payment failed. Enter OTP 495834 at http://scott.info/verify to retry.,spoofed
Security alert! Login attempt detected. Validate with OTP 967513 at http://johnson.com/verify.,spoofed
Urgent! Your account will be blocked. Click http://zimmerman-fuentes.com/verify to verify OTP 471927.,spoofed
Hi! Your verification code is 618213. Valid for 10 mins.,safe
217112 is your Flipkart OTP. Do not share this code.,safe
307147 is your Flipkart OTP. Do not share this code.,safe
Urgent! Your account will be blocked. Click http://butler.com/verify to verify OTP 358658.,spoofed
Use 756988 as your login OTP for Walmart.,safe
Enter 747486 to complete your transaction on Walmart.,safe
Security alert! Login attempt detected. Validate with OTP 657519 at http://orozco-rodriguez.com/verify.,spoofed
Your OTP is 617733. Please do not share it with anyone.,safe
Claim your reward by entering OTP 488946. Visit http://anderson.com/verify now.,spoofed
Hi! Your verification code is 407048. Valid for 10 mins.,safe
Security alert! Login attempt detected. Validate with OTP 505468 at http://newman-jackson.net/verify.,spoofed
Enter 790308 to complete your transaction on Flipkart.,safe
Security alert! Login attempt detected. Validate with OTP 509154 at http://watson-jones.com/verify.,spoofed
Your OTP is 856248. Please do not share it with anyone.,safe
Your payment failed. Enter OTP 519994 at http://ortiz.net/verify to retry.,spoofed
Your payment failed. Enter OTP 143690 at http://osborne.com/verify to retry.,spoofed
"Dear user, suspicious activity detected. Confirm OTP 613131 at http://lynch.com/verify.",spoofed
446910 is your Google OTP. Do not share this code.,safe
Enter 966515 to complete your transaction on Walmart.,safe
Urgent! Your account will be blocked. Click http://long.org/verify to verify OTP 909798.,spoofed
Your payment failed. Enter OTP 256250 at http://rodriguez.com/verify to retry.,spoofed
Your payment failed. Enter OTP 357672 at http://gentry.com/verify to retry.,spoofed
Use 451443 as your login OTP for Flipkart.,safe
261024 is your Paytm OTP. Do not share this code.,safe
Your payment failed. Enter OTP 411850 at http://jones.com/verify to retry.,spoofed
170769 is your Walmart OTP. Do not share this code.,safe
Your OTP is 993213. Please do not share it with anyone.,safe
"Dear user, suspicious activity detected. Confirm OTP 378412 at http://salinas.net/verify.",spoofed
Hi! Your verification code is 600586. Valid for 10 mins.,safe
Claim your reward by entering OTP 683444. Visit http://mendez.info/verify now.,spoofed
Use 540319 as your login OTP for Amazon.,safe
102454 is your Amazon OTP. Do not share this code.,safe
Use 625257 as your login OTP for Paytm.,safe
Hi! Your verification code is 726746. Valid for 10 mins.,safe
545903 is your Amazon OTP. Do not share this code.,safe
Use 798032 as your login OTP for Walmart.,safe
Security alert! Login attempt detected. Validate with OTP 549476 at http://estrada-munoz.com/verify.,spoofed
Claim your reward by entering OTP 419713. Visit http://sherman.net/verify now.,spoofed
Use 928842 as your login OTP for Walmart.,safe
Use 659590 as your login OTP for Amazon.,safe
Urgent! Your account will be blocked. Click http://black.info/verify to verify OTP 896884.,spoofed
Enter 995403 to complete your transaction on Flipkart.,safe
"Dear user, suspicious activity detected. Confirm OTP 802544 at http://west.com/verify.",spoofed
Urgent! Your account will be blocked. Click http://dodson.info/verify to verify OTP 693126.,spoofed
"Dear user, suspicious activity detected. Confirm OTP 636738 at http://golden-smith.com/verify.",spoofed
862997 is your Walmart OTP. Do not share this code.,safe
Use 143645 as your login OTP for Google.,safe
Security alert! Login attempt detected. Validate with OTP 529522 at http://johnson.net/verify.,spoofed
Security alert! Login attempt detected. Validate with OTP 941749 at http://roberts-george.com/verify.,spoofed
Enter 728256 to complete your transaction on Walmart.,safe
Your OTP is 559900. Please do not share it with anyone.,safe
Claim your reward by entering OTP 795515. Visit http://jones.info/verify now.,spoofed
Urgent! Your account will be blocked. Click http://castillo.biz/verify to verify OTP 674817.,spoofed
Urgent! Your account will be blocked. Click http://reeves-whitney.com/verify to verify OTP 816462.,spoofed
Security alert! Login attempt detected. Validate with OTP 167447 at http://clark-brown.com/verify.,spoofed
Enter 239682 to complete your transaction on Google.,safe
Use 978599 as your login OTP for Paytm.,safe
Claim your reward by entering OTP 817271. Visit http://yu.biz/verify now.,spoofed
Urgent! Your account will be blocked. Click http://johnson-jones.com/verify to verify OTP 328303.,spoofed
145899 is your Amazon OTP. Do not share this code.,safe
Your payment failed. Enter OTP 365830 at http://clark-washington.com/verify to retry.,spoofed
"Dear user, suspicious activity detected. Confirm OTP 255994 at http://bowman.com/verify.",spoofed
Use 808135 as your login OTP for Walmart.,safe
Use 500194 as your login OTP for Flipkart.,safe
Use 322673 as your login OTP for Amazon.,safe
Hi! Your verification code is 120396. Valid for 10 mins.,safe
Your OTP is 241863. Please do not share it with anyone.,safe
Your OTP is 876527. Please do not share it with anyone.,safe
Use 871016 as your login OTP for Walmart.,safe
Hi! Your verification code is 881726. Valid for 10 mins.,safe
Claim your reward by entering OTP 228061. Visit http://meyers.com/verify now.,spoofed
Enter 908810 to complete your transaction on Amazon.,safe
"Dear user, suspicious activity detected. Confirm OTP 543159 at http://thompson.biz/verify.",spoofed
431116 is your Flipkart OTP. Do not share this code.,safe
Hi! Your verification code is 189194. Valid for 10 mins.,safe
Your payment failed. Enter OTP 404450 at http://mahoney.org/verify to retry.,spoofed
"Dear user, suspicious activity detected. Confirm OTP 406935 at http://gamble-hanson.com/verify.",spoofed
Hi! Your verification code is 284988. Valid for 10 mins.,safe
Claim your reward by entering OTP 304589. Visit http://turner.biz/verify now.,spoofed
Your payment failed. Enter OTP 940582 at http://calhoun-ponce.com/verify to retry.,spoofed
Use 655459 as your login OTP for Flipkart.,safe
Urgent! Your account will be blocked. Click http://mccall.biz/verify to verify OTP 875807.,spoofed
Enter 695469 to complete your transaction on Paytm.,safe
Your OTP is 943360. Please do not share it with anyone.,safe
Urgent! Your account will be blocked. Click http://moreno-greene.net/verify to verify OTP 903697.,spoofed
Security alert! Login attempt detected. Validate with OTP 953233 at http://moore.com/verify.,spoofed
Enter 462482 to complete your transaction on Walmart.,safe
Use 953571 as your login OTP for Google.,safe
Claim your reward by entering OTP 680634. Visit http://cruz.com/verify now.,spoofed
Your payment failed. Enter OTP 537132 at http://murphy.com/verify to retry.,spoofed
Use 768174 as your login OTP for Flipkart.,safe
674103 is your Paytm OTP. Do not share this code.,safe
Your OTP is 788606. Please do not share it with anyone.,safe
Use 991534 as your login OTP for Google.,safe
Security alert! Login attempt detected. Validate with OTP 404389 at http://pearson.com/verify.,spoofed
Urgent! Your account will be blocked. Click http://franklin.com/verify to verify OTP 505172.,spoofed
Enter 464247 to complete your transaction on Walmart.,safe
Security alert! Login attempt detected. Validate with OTP 144616 at http://johnson-joyce.net/verify.,spoofed
Your OTP is 934818. Please do not share it with anyone.,safe
Claim your reward by entering OTP 803481. Visit http://johnson.com/verify now.,spoofed
Your payment failed. Enter OTP 159288 at http://wilson-griffith.com/verify to retry.,spoofed
Urgent! Your account will be blocked. Click http://martin.com/verify to verify OTP 516089.,spoofed
Claim your reward by entering OTP 285261. Visit http://mann.biz/verify now.,spoofed
"Dear user, suspicious activity detected. Confirm OTP 398619 at http://reed-fox.com/verify.",spoofed
Use 208720 as your login OTP for Google.,safe
Enter 505933 to complete your transaction on Flipkart.,safe
Your OTP is 902689. Please do not share it with anyone.,safe
Claim your reward by entering OTP 201584. Visit http://wallace.com/verify now.,spoofed
"Dear user, suspicious activity detected. Confirm OTP 735889 at http://cisneros.com/verify.",spoofed
Security alert! Login attempt detected. Validate with OTP 186170 at http://williams-white.com/verify.,spoofed
Your OTP is 573493. Please do not share it with anyone.,safe
Security alert! Login attempt detected. Validate with OTP 137103 at http://rogers.info/verify.,spoofed
Security alert! Login attempt detected. Validate with OTP 797678 at http://atkins-thomas.info/verify.,spoofed
Enter 803038 to complete your transaction on Walmart.,safe
356208 is your Amazon OTP. Do not share this code.,safe
Use 102177 as your login OTP for Google.,safe
Claim your reward by entering OTP 774695. Visit http://wallace.biz/verify now.,spoofed
Hi! Your verification code is 255591. Valid for 10 mins.,safe
"Dear user, suspicious activity detected. Confirm OTP 622487 at http://jacobs-ruiz.biz/verify.",spoofed
Your payment failed. Enter OTP 542722 at http://smith.com/verify to retry.,spoofed
Claim your reward by entering OTP 651213. Visit http://gallagher-brown.com/verify now.,spoofed
Security alert! Login attempt detected. Validate with OTP 251609 at http://williams.com/verify.,spoofed
Claim your reward by entering OTP 251915. Visit http://thompson.com/verify now.,spoofed
Your OTP is 229806. Please do not share it with anyone.,safe
Your payment failed. Enter OTP 553641 at http://turner.com/verify to retry.,spoofed
Claim your reward by entering OTP 515747. Visit http://duncan-taylor.com/verify now.,spoofed
Claim your reward by entering OTP 378010. Visit http://thompson.com/verify now.,spoofed
Hi! Your verification code is 634650. Valid for 10 mins.,safe
Security alert! Login attempt detected. Validate with OTP 918691 at http://church.com/verify.,spoofed
Security alert! Login attempt detected. Validate with OTP 246830 at http://barnes.com/verify.,spoofed
999033 is your Flipkart OTP. Do not share this code.,safe
586564 is your Amazon OTP. Do not share this code.,safe
"Dear user, suspicious activity detected. Confirm OTP 929469 at http://robinson-brown.info/verify.",spoofed
Hi! Your verification code is 987461. Valid for 10 mins.,safe
843208 is your Flipkart OTP. Do not share this code.,safe
Security alert! Login attempt detected. Validate with OTP 527257 at http://mccoy.biz/verify.,spoofed
Urgent! Your account will be blocked. Click http://rojas.info/verify to verify OTP 641755.,spoofed
Your payment failed. Enter OTP 648561 at http://ward.com/verify to retry.,spoofed
Urgent! Your account will be blocked. Click http://alvarez.com/verify to verify OTP 274966.,spoofed
406978 is your Google OTP. Do not share this code.,safe
578885 is your Paytm OTP. Do not share this code.,safe
Security alert! Login attempt detected. Validate with OTP 923875 at http://osborne.com/verify.,spoofed
365889 is your Paytm OTP. Do not share this code.,safe
Your OTP is 224408. Please do not share it with anyone.,safe
"Dear user, suspicious activity detected. Confirm OTP 253058 at http://schaefer.com/verify.",spoofed
Your OTP is 247018. Please do not share it with anyone.,safe
Enter 231911 to complete your transaction on Flipkart.,safe
407037 is your Google OTP. Do not share this code.,safe
Security alert! Login attempt detected. Validate with OTP 649001 at http://henry.com/verify.,spoofed
Enter 262153 to complete your transaction on Amazon.,safe
Urgent! Your account will be blocked. Click http://conner.net/verify to verify OTP 337367.,spoofed
Your OTP is 205413. Please do not share it with anyone.,safe
Enter 145846 to complete your transaction on Walmart.,safe
Hi! Your verification code is 990875. Valid for 10 mins.,safe
Urgent! Your account will be blocked. Click http://irwin.org/verify to verify OTP 220050.,spoofed
868133 is your Google OTP. Do not share this code.,safe
Enter 955895 to complete your transaction on Paytm.,safe
Claim your reward by entering OTP 492198. Visit http://watkins.com/verify now.,spoofed
"Dear user, suspicious activity detected. Confirm OTP 809427 at http://garcia.info/verify.",spoofed
Claim your reward by entering OTP 772085. Visit http://robinson.net/verify now.,spoofed
Your payment failed. Enter OTP 911690 at http://jackson-dodson.com/verify to retry.,spoofed
Your payment failed. Enter OTP 612084 at http://wade-trevino.com/verify to retry.,spoofed
Claim your reward by entering OTP 454065. Visit http://blankenship.com/verify now.,spoofed
Enter 867122 to complete your transaction on Amazon.,safe
Security alert! Login attempt detected. Validate with OTP 788494 at http://schneider.biz/verify.,spoofed
Use 653536 as your login OTP for Walmart.,safe
Use 684020 as your login OTP for Paytm.,safe
Your payment failed. Enter OTP 578798 at http://reyes.com/verify to retry.,spoofed
Claim your reward by entering OTP 854680. Visit http://adams.com/verify now.,spoofed
Hi! Your verification code is 986357. Valid for 10 mins.,safe
306951 is your Flipkart OTP. Do not share this code.,safe
Hi! Your verification code is 539295. Valid for 10 mins.,safe
Enter 603386 to complete your transaction on Flipkart.,safe
Hi! Your verification code is 323654. Valid for 10 mins.,safe
Security alert! Login attempt detected. Validate with OTP 684941 at http://larsen.com/verify.,spoofed
Hi! Your verification code is 822174. Valid for 10 mins.,safe
Claim your reward by entering OTP 327474. Visit http://miller-pacheco.org/verify now.,spoofed
Claim your reward by entering OTP 609081. Visit http://davis-anderson.com/verify now.,spoofed
"Dear user, suspicious activity detected. Confirm OTP 909254 at http://simmons-erickson.com/verify.",spoofed
Use 985836 as your login OTP for Google.,safe
Your payment failed. Enter OTP 793958 at http://hudson-lopez.com/verify to retry.,spoofed
Your OTP is 651290. Please do not share it with anyone.,safe
Your OTP is 300739. Please do not share it with anyone.,safe
Use 240366 as your login OTP for Google.,safe
Enter 215724 to complete your transaction on Paytm.,safe
Your OTP is 248890. Please do not share it with anyone.,safe
Claim your reward by entering OTP 995879. Visit http://moore.info/verify now.,spoofed
"Dear user, suspicious activity detected. Confirm OTP 164960 at http://cain.biz/verify.",spoofed
Enter 745630 to complete your transaction on Flipkart.,safe
Your OTP is 294770. Please do not share it with anyone.,safe
Enter 271484 to complete your transaction on Walmart.,safe
Claim your reward by entering OTP 993206. Visit http://jones.com/verify now.,spoofed
"Dear user, suspicious activity detected. Confirm OTP 639454 at http://kaiser.com/verify.",spoofed
Enter 597985 to complete your transaction on Walmart.,safe
Your payment failed. Enter OTP 430774 at http://ayers.info/verify to retry.,spoofed
Hi! Your verification code is 134906. Valid for 10 mins.,safe
Your payment failed. Enter OTP 551155 at http://stewart-harmon.com/verify to retry.,spoofed
Enter 428887 to complete your transaction on Google.,safe
Security alert! Login attempt detected. Validate with OTP 698302 at http://henry.com/verify.,spoofed
663552 is your Paytm OTP. Do not share this code.,safe
Hi! Your verification code is 840460. Valid for 10 mins.,safe
Urgent! Your account will be blocked. Click http://miller.biz/verify to verify OTP 233790.,spoofed
Your OTP is 923337. Please do not share it with anyone.,safe
Security alert! Login attempt detected. Validate with OTP 111525 at http://garcia.biz/verify.,spoofed
Urgent! Your account will be blocked. Click http://miller.biz/verify to verify OTP 705363.,spoofed
Hi! Your verification code is 820134. Valid for 10 mins.,safe
Use 557673 as your login OTP for Google.,safe
Security alert! Login attempt detected. Validate with OTP 829983 at http://gutierrez.com/verify.,spoofed
Urgent! Your account will be blocked. Click http://rubio-wolf.com/verify to verify OTP 506511.,spoofed
"Dear user, suspicious activity detected. Confirm OTP 426459 at http://fisher-martin.biz/verify.",spoofed
Your OTP is 728240. Please do not share it with anyone.,safe
Claim your reward by entering OTP 650441. Visit http://parker.biz/verify now.,spoofed
889290 is your Walmart OTP. Do not share this code.,safe
Security alert! Login attempt detected. Validate with OTP 673284 at http://houston-pace.com/verify.,spoofed
Use 563927 as your login OTP for Amazon.,safe
"Dear user, suspicious activity detected. Confirm OTP 786617 at http://wade.com/verify.",spoofed
Claim your reward by entering OTP 979797. Visit http://smith.com/verify now.,spoofed
Urgent! Your account will be blocked. Click http://miller-nelson.biz/verify to verify OTP 110245.,spoofed
Your OTP is 984585. Please do not share it with anyone.,safe
Hi! Your verification code is 380397. Valid for 10 mins.,safe
Urgent! Your account will be blocked. Click http://white.biz/verify to verify OTP 338616.,spoofed
Claim your reward by entering OTP 994673. Visit http://spencer.org/verify now.,spoofed
"Dear user, suspicious activity detected. Confirm OTP 687248 at http://wilson.biz/verify.",spoofed
Urgent! Your account will be blocked. Click http://ross-garza.org/verify to verify OTP 632492.,spoofed
Use 672371 as your login OTP for Walmart.,safe
Claim your reward by entering OTP 565425. Visit http://lamb.info/verify now.,spoofed
892859 is your Amazon OTP. Do not share this code.,safe
Use 151441 as your login OTP for Walmart.,safe
Hi! Your verification code is 166140. Valid for 10 mins.,safe
"Dear user, suspicious activity detected. Confirm OTP 498416 at http://lee-smith.info/verify.",spoofed
Use 556836 as your login OTP for Flipkart.,safe
Security alert! Login attempt detected. Validate with OTP 723497 at http://boyd.biz/verify.,spoofed
Claim your reward by entering OTP 557164. Visit http://spencer-bryant.com/verify now.,spoofed
Your payment failed. Enter OTP 928278 at http://bishop-curtis.com/verify to retry.,spoofed
Enter 133331 to complete your transaction on Walmart.,safe
"Dear user, suspicious activity detected. Confirm OTP 315043 at http://cox-stewart.biz/verify.",spoofed
Use 906323 as your login OTP for Google.,safe
Your OTP is 589591. Please do not share it with anyone.,safe
Your payment failed. Enter OTP 600878 at http://watkins-jackson.info/verify to retry.,spoofed
Urgent! Your account will be blocked. Click http://marshall.net/verify to verify OTP 117834.,spoofed
390226 is your Amazon OTP. Do not share this code.,safe
932183 is your Flipkart OTP. Do not share this code.,safe
"Dear user, suspicious activity detected. Confirm OTP 403820 at http://reed.com/verify.",spoofed
Your OTP is 830626. Please do not share it with anyone.,safe
Security alert! Login attempt detected. Validate with OTP 167482 at http://herrera-osborn.org/verify.,spoofed
Use 194598 as your login OTP for Amazon.,safe
Your OTP is 352377. Please do not share it with anyone.,safe
Urgent! Your account will be blocked. Click http://davis.com/verify to verify OTP 930093.,spoofed
"Dear user, suspicious activity detected. Confirm OTP 561015 at http://perry-james.com/verify.",spoofed
Security alert! Login attempt detected. Validate with OTP 846806 at http://wiley.com/verify.,spoofed
Your OTP is 949792. Please do not share it with anyone.,safe
"Dear user, suspicious activity detected. Confirm OTP 317146 at http://conley-barnett.org/verify.",spoofed
Urgent! Your account will be blocked. Click http://lewis-white.com/verify to verify OTP 626573.,spoofed
Urgent! Your account will be blocked. Click http://rodriguez.com/verify to verify OTP 522570.,spoofed
Security alert! Login attempt detected. Validate with OTP 696504 at http://lyons.biz/verify.,spoofed
Use 133053 as your login OTP for Paytm.,safe
"Dear user, suspicious activity detected. Confirm OTP 495567 at http://allen-bennett.com/verify.",spoofed
Hi! Your verification code is 988414. Valid for 10 mins.,safe
Claim your reward by entering OTP 407142. Visit http://castillo-leonard.com/verify now.,spoofed
Urgent! Your account will be blocked. Click http://lopez.com/verify to verify OTP 203702.,spoofed
Your payment failed. Enter OTP 364552 at http://solis.com/verify to retry.,spoofed
Enter 303260 to complete your transaction on Google.,safe
Enter 999773 to complete your transaction on Amazon.,safe
Use 846932 as your login OTP for Paytm.,safe
Your OTP is 404331. Please do not share it with anyone.,safe
446918 is your Walmart OTP. Do not share this code.,safe
Security alert! Login attempt detected. Validate with OTP 339478 at http://cline.com/verify.,spoofed
Use 310020 as your login OTP for Google.,safe
Enter 941595 to complete your transaction on Amazon.,safe
Claim your reward by entering OTP 373660. Visit http://garza.com/verify now.,spoofed
Use 255616 as your login OTP for Flipkart.,safe
Your payment failed. Enter OTP 511246 at http://stafford-bradshaw.info/verify to retry.,spoofed
Urgent! Your account will be blocked. Click http://white.com/verify to verify OTP 839285.,spoofed
Urgent! Your account will be blocked. Click http://johnson-wagner.com/verify to verify OTP 663683.,spoofed
Enter 692011 to complete your transaction on Walmart.,safe
Hi! Your verification code is 138788. Valid for 10 mins.,safe
Claim your reward by entering OTP 243871. Visit http://wilson.net/verify now.,spoofed
Your OTP is 242742. Please do not share it with anyone.,safe
Hi! Your verification code is 894206. Valid for 10 mins.,safe
Your payment failed. Enter OTP 586394 at http://thompson-garcia.com/verify to retry.,spoofed
Your OTP is 265266. Please do not share it with anyone.,safe
Your OTP is 999504. Please do not share it with anyone.,safe
Enter 450908 to complete your transaction on Google.,safe
Enter 985731 to complete your transaction on Google.,safe
Enter 418863 to complete your transaction on Google.,safe
557111 is your Paytm OTP. Do not share this code.,safe
Enter 327665 to complete your transaction on Amazon.,safe
Your payment failed. Enter OTP 374305 at http://thornton.com/verify to retry.,spoofed
Hi! Your verification code is 831945. Valid for 10 mins.,safe
Your payment failed. Enter OTP 279399 at http://johnston.com/verify to retry.,spoofed
Claim your reward by entering OTP 115857. Visit http://davis.biz/verify now.,spoofed
Security alert! Login attempt detected. Validate with OTP 416037 at http://moreno.com/verify.,spoofed
Urgent! Your account will be blocked. Click http://king-lambert.com/verify to verify OTP 936747.,spoofed
543415 is your Walmart OTP. Do not share this code.,safe
"Dear user, suspicious activity detected. Confirm OTP 853775 at http://green.info/verify.",spoofed
"Dear user, suspicious activity detected. Confirm OTP 967659 at http://anderson.com/verify.",spoofed
Claim your reward by entering OTP 562008. Visit http://turner.com/verify now.,spoofed
"Dear user, suspicious activity detected. Confirm OTP 113097 at http://mays-dominguez.com/verify.",spoofed
212382 is your Walmart OTP. Do not share this code.,safe
Your payment failed. Enter OTP 564314 at http://miller.net/verify to retry.,spoofed
Enter 597293 to complete your transaction on Paytm.,safe
Your payment failed. Enter OTP 214377 at http://villarreal-bryant.com/verify to retry.,spoofed
Your OTP is 348384. Please do not share it with anyone.,safe
Enter 236795 to complete your transaction on Amazon.,safe
Hi! Your verification code is 812874. Valid for 10 mins.,safe
Security alert! Login attempt detected. Validate with OTP 918485 at http://nelson.com/verify.,spoofed
"Dear user, suspicious activity detected. Confirm OTP 862349 at http://munoz-bryant.com/verify.",spoofed
Your payment failed. Enter OTP 292828 at http://hoffman.biz/verify to retry.,spoofed
429168 is your Flipkart OTP. Do not share this code.,safe
Claim your reward by entering OTP 756321. Visit http://jackson.com/verify now.,spoofed
"Dear user, suspicious activity detected. Confirm OTP 183137 at http://murphy.net/verify.",spoofed
Your payment failed. Enter OTP 740132 at http://meyers.com/verify to retry.,spoofed
"Dear user, suspicious activity detected. Confirm OTP 739312 at http://lucas.com/verify.",spoofed
Your OTP is 334815. Please do not share it with anyone.,safe
"Dear user, suspicious activity detected. Confirm OTP 317289 at http://colon-mckenzie.info/verify.",spoofed
Urgent! Your account will be blocked. Click http://keller-lyons.org/verify to verify OTP 820853.,spoofed
Security alert! Login attempt detected. Validate with OTP 727893 at http://allen-hughes.com/verify.,spoofed
Urgent! Your account will be blocked. Click http://lawrence-johnson.com/verify to verify OTP 673819.,spoofed
Hi! Your verification code is 661428. Valid for 10 mins.,safe
Enter 121402 to complete your transaction on Google.,safe
168878 is your Amazon OTP. Do not share this code.,safe
"Dear user, suspicious activity detected. Confirm OTP 577722 at http://tucker.com/verify.",spoofed
Hi! Your verification code is 413195. Valid for 10 mins.,safe
Your payment failed. Enter OTP 602612 at http://palmer-fernandez.com/verify to retry.,spoofed
Hi! Your verification code is 514436. Valid for 10 mins.,safe
"Dear user, suspicious activity detected. Confirm OTP 439312 at http://simmons.com/verify.",spoofed
Enter 755509 to complete your transaction on Paytm.,safe
Enter 173721 to complete your transaction on Walmart.,safe
Security alert! Login attempt detected. Validate with OTP 202026 at http://jones.com/verify.,spoofed
490428 is your Flipkart OTP. Do not share this code.,safe
Use 626586 as your login OTP for Google.,safe
"Dear user, suspicious activity detected. Confirm OTP 450445 at http://dawson.com/verify.",spoofed
198417 is your Google OTP. Do not share this code.,safe
Claim your reward by entering OTP 631005. Visit http://marshall-walker.com/verify now.,spoofed
Enter 948316 to complete your transaction on Google.,safe
Claim your reward by entering OTP 877914. Visit http://smith.com/verify now.,spoofed
Your OTP is 811661. Please do not share it with anyone.,safe
"Dear user, suspicious activity detected. Confirm OTP 961405 at http://bennett-browning.com/verify.",spoofed
Your payment failed. Enter OTP 510259 at http://franklin.com/verify to retry.,spoofed
Claim your reward by entering OTP 709784. Visit http://trujillo-ramos.com/verify now.,spoofed
Your payment failed. Enter OTP 605767 at http://haas.biz/verify to retry.,spoofed
Your OTP is 308438. Please do not share it with anyone.,safe
Your payment failed. Enter OTP 711878 at http://wilson.com/verify to retry.,spoofed
Your payment failed. Enter OTP 696580 at http://martinez-castro.com/verify to retry.,spoofed
Claim your reward by entering OTP 948530. Visit http://thompson.biz/verify now.,spoofed
Urgent! Your account will be blocked. Click http://lane.com/verify to verify OTP 148651.,spoofed
Use 245535 as your login OTP for Amazon.,safe
Your OTP is 747141. Please do not share it with anyone.,safe
Security alert! Login attempt detected. Validate with OTP 449867 at http://blair.com/verify.,spoofed
863870 is your Paytm OTP. Do not share this code.,safe
Security alert! Login attempt detected. Validate with OTP 738396 at http://bowman-smith.com/verify.,spoofed
Urgent! Your account will be blocked. Click http://howard.com/verify to verify OTP 704061.,spoofed
Enter 651689 to complete your transaction on Google.,safe
Your OTP is 441029. Please do not share it with anyone.,safe
Enter 305835 to complete your transaction on Walmart.,safe
Use 108024 as your login OTP for Paytm.,safe
Your payment failed. Enter OTP 594712 at http://henderson-wilcox.com/verify to retry.,spoofed
753635 is your Flipkart OTP. Do not share this code.,safe
Your payment failed. Enter OTP 653899 at http://powell-berry.com/verify to retry.,spoofed
838007 is your Flipkart OTP. Do not share this code.,safe
768526 is your Paytm OTP. Do not share this code.,safe
Urgent! Your account will be blocked. Click http://anderson.com/verify to verify OTP 785318.,spoofed
Your payment failed. Enter OTP 444626 at http://underwood.info/verify to retry.,spoofed
Your payment failed. Enter OTP 663296 at http://lambert.com/verify to retry.,spoofed
"Dear user, suspicious activity detected. Confirm OTP 774405 at http://davis.com/verify.",spoofed
Use 554804 as your login OTP for Walmart.,safe
Claim your reward by entering OTP 315136. Visit http://moore.com/verify now.,spoofed
Use 492399 as your login OTP for Amazon.,safe
Urgent! Your account will be blocked. Click http://grant.net/verify to verify OTP 153584.,spoofed
Hi! Your verification code is 183392. Valid for 10 mins.,safe
Claim your reward by entering OTP 328671. Visit http://hoffman.com/verify now.,spoofed
Hi! Your verification code is 575517. Valid for 10 mins.,safe
Hi! Your verification code is 200996. Valid for 10 mins.,safe
Security alert! Login attempt detected. Validate with OTP 166828 at http://ruiz.com/verify.,spoofed
Enter 117273 to complete your transaction on Paytm.,safe
Urgent! Your account will be blocked. Click http://chapman-foster.com/verify to verify OTP 887224.,spoofed
Urgent! Your account will be blocked. Click http://horton.com/verify to verify OTP 467978.,spoofed
Hi! Your verification code is 818999. Valid for 10 mins.,safe
Enter 845996 to complete your transaction on Walmart.,safe
156041 is your Google OTP. Do not share this code.,safe
Use 745378 as your login OTP for Walmart.,safe
Urgent! Your account will be blocked. Click http://tucker.com/verify to verify OTP 798421.,spoofed
Claim your reward by entering OTP 901070. Visit http://hanson-gonzalez.org/verify now.,spoofed
Your payment failed. Enter OTP 665282 at http://webster.com/verify to retry.,spoofed
Urgent! Your account will be blocked. Click http://huber-king.net/verify to verify OTP 373723.,spoofed
Enter 896604 to complete your transaction on Walmart.,safe
"Dear user, suspicious activity detected. Confirm OTP 286746 at http://yu.com/verify.",spoofed
Your OTP is 669811. Please do not share it with anyone.,safe
Enter 250776 to complete your transaction on Paytm.,safe
Your OTP is 644136. Please do not share it with anyone.,safe
Security alert! Login attempt detected. Validate with OTP 975429 at http://reed.org/verify.,spoofed
Claim your reward by entering OTP 968402. Visit http://holden.info/verify now.,spoofed
Enter 491845 to complete your transaction on Google.,safe
Hi! Your verification code is 435570. Valid for 10 mins.,safe
Your payment failed. Enter OTP 198651 at http://figueroa-taylor.org/verify to retry.,spoofed
Claim your reward by entering OTP 766785. Visit http://hill-phillips.info/verify now.,spoofed
"Dear user, suspicious activity detected. Confirm OTP 318655 at http://hernandez-martinez.com/verify.",spoofed
Urgent! Your account will be blocked. Click http://khan.com/verify to verify OTP 449258.,spoofed
Enter 129289 to complete your transaction on Walmart.,safe
Security alert! Login attempt detected. Validate with OTP 827935 at http://crosby-davis.info/verify.,spoofed
"Dear user, suspicious activity detected. Confirm OTP 893257 at http://walter.org/verify.",spoofed
Use 703647 as your login OTP for Amazon.,safe
"Dear user, suspicious activity detected. Confirm OTP 730601 at http://gibson.biz/verify.",spoofed
Urgent! Your account will be blocked. Click http://hill-mitchell.biz/verify to verify OTP 574118.,spoofed
Urgent! Your account will be blocked. Click http://benjamin.net/verify to verify OTP 101759.,spoofed
Urgent! Your account will be blocked. Click http://hamilton.biz/verify to verify OTP 255100.,spoofed
556786 is your Google OTP. Do not share this code.,safe
Urgent! Your account will be blocked. Click http://brown-davis.net/verify to verify OTP 969176.,spoofed
Use 376392 as your login OTP for Walmart.,safe
426328 is your Walmart OTP. Do not share this code.,safe
Security alert! Login attempt detected. Validate with OTP 934144 at http://mccullough.com/verify.,spoofed
Urgent! Your account will be blocked. Click http://armstrong-murphy.net/verify to verify OTP 467178.,spoofed
Hi! Your verification code is 905841. Valid for 10 mins.,safe
290538 is your Walmart OTP. Do not share this code.,safe
Security alert! Login attempt detected. Validate with OTP 250381 at http://anderson.net/verify.,spoofed
655774 is your Paytm OTP. Do not share this code.,safe
431587 is your Flipkart OTP. Do not share this code.,safe
Your payment failed. Enter OTP 923921 at http://stewart-foster.org/verify to retry.,spoofed
Your payment failed. Enter OTP 197134 at http://walsh.com/verify to retry.,spoofed
Enter 394242 to complete your transaction on Amazon.,safe
Enter 136043 to complete your transaction on Amazon.,safe
Security alert! Login attempt detected. Validate with OTP 666106 at http://watts.com/verify.,spoofed
Claim your reward by entering OTP 253109. Visit http://winters-simon.com/verify now.,spoofed
Claim your reward by entering OTP 188293. Visit http://reynolds.info/verify now.,spoofed
Use 270663 as your login OTP for Walmart.,safe
Security alert! Login attempt detected. Validate with OTP 508590 at http://bennett.com/verify.,spoofed
Security alert! Login attempt detected. Validate with OTP 438124 at http://hall.net/verify.,spoofed
Claim your reward by entering OTP 948351. Visit http://galloway-aguirre.biz/verify now.,spoofed
"Dear user, suspicious activity detected. Confirm OTP 515518 at http://white.biz/verify.",spoofed
Claim your reward by entering OTP 879541. Visit http://farmer-chambers.org/verify now.,spoofed
Enter 271235 to complete your transaction on Google.,safe
Your payment failed. Enter OTP 548984 at http://davis.com/verify to retry.,spoofed
Enter 778365 to complete your transaction on Amazon.,safe
Your OTP is 343249. Please do not share it with anyone.,safe
Hi! Your verification code is 489518. Valid for 10 mins.,safe
Claim your reward by entering OTP 892274. Visit http://brown.com/verify now.,spoofed
Claim your reward by entering OTP 148273. Visit http://reilly-lin.com/verify now.,spoofed
Use 939342 as your login OTP for Flipkart.,safe
Urgent! Your account will be blocked. Click http://cooper.biz/verify to verify OTP 201493.,spoofed
Use 663988 as your login OTP for Google.,safe
961699 is your Flipkart OTP. Do not share this code.,safe
Use 388212 as your login OTP for Paytm.,safe
Use 371453 as your login OTP for Flipkart.,safe
482021 is your Google OTP. Do not share this code.,safe
"Dear user, suspicious activity detected. Confirm OTP 895084 at http://hutchinson.org/verify.",spoofed
Use 913787 as your login OTP for Amazon.,safe
Enter 270788 to complete your transaction on Google.,safe
"Dear user, suspicious activity detected. Confirm OTP 939171 at http://morton.com/verify.",spoofed
Use 776255 as your login OTP for Google.,safe
Security alert! Login attempt detected. Validate with OTP 319473 at http://gibson.org/verify.,spoofed
Your OTP is 285048. Please do not share it with anyone.,safe
455718 is your Amazon OTP. Do not share this code.,safe
Claim your reward by entering OTP 547862. Visit http://lucas-allison.net/verify now.,spoofed
Claim your reward by entering OTP 394092. Visit http://montgomery.com/verify now.,spoofed
Hi! Your verification code is 260912. Valid for 10 mins.,safe
291324 is your Google OTP. Do not share this code.,safe
Enter 516085 to complete your transaction on Paytm.,safe
Claim your reward by entering OTP 382161. Visit http://porter.com/verify now.,spoofed
Your OTP is 795129. Please do not share it with anyone.,safe
Urgent! Your account will be blocked. Click http://richmond.net/verify to verify OTP 804087.,spoofed
Claim your reward by entering OTP 426252. Visit http://chavez-walker.com/verify now.,spoofed
Urgent! Your account will be blocked. Click http://grant.com/verify to verify OTP 159620.,spoofed
Security alert! Login attempt detected. Validate with OTP 592567 at http://mooney.info/verify.,spoofed
Claim your reward by entering OTP 401796. Visit http://hunter.biz/verify now.,spoofed
Urgent! Your account will be blocked. Click http://stevens-alvarado.info/verify to verify OTP 872040.,spoofed
927426 is your Amazon OTP. Do not share this code.,safe
Use 564560 as your login OTP for Google.,safe
"Dear user, suspicious activity detected. Confirm OTP 824662 at http://martin.com/verify.",spoofed
Use 363140 as your login OTP for Google.,safe
Claim your reward by entering OTP 242397. Visit http://scott-wade.com/verify now.,spoofed
Security alert! Login attempt detected. Validate with OTP 460986 at http://welch.com/verify.,spoofed
Urgent! Your account will be blocked. Click http://wilson.com/verify to verify OTP 299570.,spoofed
Urgent! Your account will be blocked. Click http://greer.com/verify to verify OTP 768390.,spoofed
Claim your reward by entering OTP 860878. Visit http://white.com/verify now.,spoofed
Claim your reward by entering OTP 330895. Visit http://avery.com/verify now.,spoofed
Urgent! Your account will be blocked. Click http://hernandez-odom.org/verify to verify OTP 558391.,spoofed
Your payment failed. Enter OTP 957098 at http://thomas-johnson.org/verify to retry.,spoofed
Use 678301 as your login OTP for Amazon.,safe
Use 282894 as your login OTP for Flipkart.,safe
Your OTP is 974092. Please do not share it with anyone.,safe
Security alert! Login attempt detected. Validate with OTP 603371 at http://hernandez-king.info/verify.,spoofed
Use 449044 as your login OTP for Paytm.,safe
Enter 525283 to complete your transaction on Paytm.,safe
Urgent! Your account will be blocked. Click http://peterson.com/verify to verify OTP 995144.,spoofed
Claim your reward by entering OTP 212425. Visit http://scott-martinez.biz/verify now.,spoofed
Use 484712 as your login OTP for Google.,safe
927255 is your Google OTP. Do not share this code.,safe
Security alert! Login attempt detected. Validate with OTP 289570 at http://kaiser.net/verify.,spoofed
Security alert! Login attempt detected. Validate with OTP 236496 at http://gonzalez.info/verify.,spoofed
Claim your reward by entering OTP 244060. Visit http://cole-price.com/verify now.,spoofed
Use 373740 as your login OTP for Flipkart.,safe
Hi! Your verification code is 214706. Valid for 10 mins.,safe
Urgent! Your account will be blocked. Click http://fisher.com/verify to verify OTP 803282.,spoofed
